epoch,time,train/loss,metrics/accuracy_top1,metrics/accuracy_top5,val/loss,lr/pg0,lr/pg1,lr/pg2
1,665.232,1.7836,0.67037,0.96955,0.94654,0.00023762,0.00023762,0.00023762
2,1158.15,1.08763,0.81123,0.98941,0.55323,0.000459924,0.000459924,0.000459924
3,1482.75,0.84748,0.86947,0.99285,0.393,0.000666521,0.000666521,0.000666521
4,1811.28,0.70632,0.91581,0.99603,0.26606,0.000643314,0.000643314,0.000643314
5,2287,0.58842,0.92243,0.99788,0.24141,0.000619752,0.000619752,0.000619752
6,2553.58,0.50958,0.95446,0.99815,0.15646,0.00059619,0.00059619,0.00059619
7,29369.6,0.46317,0.95075,0.99841,0.16322,0.000572628,0.000572628,0.000572628
8,29831.4,0.41902,0.96373,0.99868,0.11635,0.000549066,0.000549066,0.000549066
9,30136.8,0.38392,0.96955,0.99947,0.09957,0.000525504,0.000525504,0.000525504
